model,metric,estimate,ci95_low,ci95_high,repetitions,seed
Random Forest,MAE,0.4505698017042929,0.36107242250789556,0.5429774576804958,5000,20260928
Random Forest,RMSE,0.5420931192289319,0.43790468225186147,0.6416722663584055,5000,20260928
Random Forest,R2,0.30242764480182516,-0.010533437652719932,0.4928205252446697,5000,20260928
ANFIS,MAE,0.5886896949761904,0.5018303203970238,0.6739184834761905,5000,20260928
ANFIS,RMSE,0.6565839887087348,0.5681806021863947,0.7359515526670231,5000,20260928
ANFIS,R2,-0.02334494202326476,-0.32467560248219896,0.09480724663460299,5000,20260928
Custom CNN,MAE,0.6414214591595238,0.5557841176922619,0.7189324788160715,5000,20260928
Custom CNN,RMSE,0.6965784109611107,0.6231866670024012,0.7601207124198576,5000,20260928
Custom CNN,R2,-0.1518117173197755,-0.6849510119895944,0.053963356729458484,5000,20260928
MobileNetV3,MAE,0.5915980909523809,0.5022173767619046,0.6766601637678571,5000,20260928
MobileNetV3,RMSE,0.6582767348218261,0.5772954279265049,0.7319876854758193,5000,20260928
MobileNetV3,R2,-0.0286283372489764,-0.28146126393301957,0.056432749959911654,5000,20260928
ResNet18,MAE,0.592889465952381,0.4879329108869047,0.7002675799940477,5000,20260928
ResNet18,RMSE,0.685875004015314,0.5834967422084822,0.7836168968610253,5000,20260928
ResNet18,R2,-0.11668690477811006,-0.576434112853616,0.13474857786706673,5000,20260928
