model_a,model_b,common_n,metric,difference_a_minus_b,ci95_low,ci95_high,wilcoxon_statistic,raw_p_value,effect_size_rank_biserial,holm_adjusted_p_value,interpretation
ANFIS,Custom CNN,42,absolute_error,-0.05273176418333333,-0.11522754130297622,0.009258295022619017,331.0,0.13456975331382637,-0.14285714285714285,0.6728487665691318,no adjusted evidence of a difference
ANFIS,MobileNetV3,42,absolute_error,-0.0029083959761904686,-0.04736473992797616,0.04411531218988095,388.0,0.4347860694879273,-0.19047619047619047,1.0,no adjusted evidence of a difference
ANFIS,Random Forest,42,absolute_error,0.13811989327189758,0.07329876549414631,0.20077843771957793,170.0,0.00025826377168414183,0.47619047619047616,0.0023243739451572765,evidence of different paired absolute errors
ANFIS,ResNet18,42,absolute_error,-0.004199770976190472,-0.08980560581964284,0.08359709388988094,433.0,0.8237609445977796,-0.047619047619047616,1.0,no adjusted evidence of a difference
Custom CNN,MobileNetV3,42,absolute_error,0.049823368207142865,-0.012400191566250001,0.10790767961250002,303.0,0.06382007480306129,0.38095238095238093,0.38292044881836773,no adjusted evidence of a difference
Custom CNN,Random Forest,42,absolute_error,0.1908516574552309,0.11167281682865884,0.26891273749477157,137.0,3.362946836205083e-05,0.5714285714285714,0.0003362946836205083,evidence of different paired absolute errors
Custom CNN,ResNet18,42,absolute_error,0.04853199320714283,-0.044940528701726205,0.1388254700661904,358.0,0.2477147658478316,0.047619047619047616,0.9908590633913263,no adjusted evidence of a difference
MobileNetV3,Random Forest,42,absolute_error,0.14102828924808802,0.06920750580723761,0.21294081692518868,200.0,0.001253627802725532,0.38095238095238093,0.010029022421804257,evidence of different paired absolute errors
MobileNetV3,ResNet18,42,absolute_error,-0.001291375000000006,-0.08252793811904761,0.07940473204761905,414.0,0.6469152758700147,-0.09523809523809523,1.0,no adjusted evidence of a difference
Random Forest,ResNet18,42,absolute_error,-0.14231966424808803,-0.2518840043439947,-0.03137572043006993,245.0,0.008998170695122099,-0.3333333333333333,0.06298719486585469,no adjusted evidence of a difference
